,origin,tileId,cloudCover,datastripId,orbitNumber,sourceProduct,processingDate,productGroupId,operationalMode,processingLevel,processorVersion,granuleIdentifier,platformShortName,instrumentShortName,relativeOrbitNumber,sourceProductOriginDate,platformSerialIdentifier,datetime,end_datetime,start_datetime,productType,item,downloaded
0,ESA,18SUG,0.0,S2A_OPER_MSI_L2A_DS_2APS_20240601T233810_S20240601T160122_N05.10,46712,"S2A_OPER_MSI_L2A_TL_2APS_20240601T233810_A046712_T18SUG_N05.10,S2A_OPER_MSI_L2A_DS_2APS_20240601T233810_S20240601T160122_N05.10",2024-06-01T23:38:10.000000Z,GS2A_20240601T155911_046712_N05.10,INS-NOBS,S2MSI2A,05.10,S2A_OPER_MSI_L2A_TL_2APS_20240601T233810_A046712_T18SUG_N05.10,SENTINEL-2,MSI,97,"2024-06-02T00:35:09Z,2024-06-02T00:35:39Z",A,2024-06-01T15:59:11.024000Z,2024-06-01T15:59:11.024000Z,2024-06-01T15:59:11.024000Z,S2MSI2A,<Item id=S2A_MSIL2A_20240601T155911_N0510_R097_T18SUG_20240601T233810.SAFE>,1
1,ESA,18STH,1.282336,S2B_OPER_MSI_L2A_DS_2BPS_20240716T202001_S20240716T161237_N05.10,38447,"S2B_OPER_MSI_L2A_TL_2BPS_20240716T202001_A038447_T18STH_N05.10,S2B_OPER_MSI_L2A_DS_2BPS_20240716T202001_S20240716T161237_N05.10",2024-07-16T20:20:01.000000Z,GS2B_20240716T155819_038447_N05.10,INS-NOBS,S2MSI2A,05.10,S2B_OPER_MSI_L2A_TL_2BPS_20240716T202001_A038447_T18STH_N05.10,SENTINEL-2,MSI,97,"2024-07-16T21:34:37Z,2024-07-16T20:20:33Z",B,2024-07-16T15:58:19.024000Z,2024-07-16T15:58:19.024000Z,2024-07-16T15:58:19.024000Z,S2MSI2A,<Item id=S2B_MSIL2A_20240716T155819_N0510_R097_T18STH_20240716T202001.SAFE>,0
2,ESA,18SUJ,0.772503,S2A_OPER_MSI_L2A_DS_2APS_20240522T234447_S20240522T160113_N05.10,46569,"S2A_OPER_MSI_L2A_TL_2APS_20240522T234447_A046569_T18SUJ_N05.10,S2A_OPER_MSI_L2A_DS_2APS_20240522T234447_S20240522T160113_N05.10",2024-05-22T23:44:47.000000Z,GS2A_20240522T155901_046569_N05.10,INS-NOBS,S2MSI2A,05.10,S2A_OPER_MSI_L2A_TL_2APS_20240522T234447_A046569_T18SUJ_N05.10,SENTINEL-2,MSI,97,"2024-05-23T00:44:39Z,2024-05-23T00:44:06Z",A,2024-05-22T15:59:01.024000Z,2024-05-22T15:59:01.024000Z,2024-05-22T15:59:01.024000Z,S2MSI2A,<Item id=S2A_MSIL2A_20240522T155901_N0510_R097_T18SUJ_20240522T234447.SAFE>,0
3,ESA,18SUF,1.851873,S2B_OPER_MSI_L2A_DS_2BPS_20240819T210453_S20240819T154721_N05.11,38933,"S2B_OPER_MSI_L2A_TL_2BPS_20240819T210453_A038933_T18SUF_N05.11,S2B_OPER_MSI_L2A_DS_2BPS_20240819T210453_S20240819T154721_N05.11",2024-08-19T21:04:53.000000Z,GS2B_20240819T153819_038933_N05.11,INS-NOBS,S2MSI2A,05.11,S2B_OPER_MSI_L2A_TL_2BPS_20240819T210453_A038933_T18SUF_N05.11,SENTINEL-2,MSI,11,"2024-08-19T21:55:35Z,2024-08-19T21:05:25Z",B,2024-08-19T15:38:19.024000Z,2024-08-19T15:38:19.024000Z,2024-08-19T15:38:19.024000Z,S2MSI2A,<Item id=S2B_MSIL2A_20240819T153819_N0511_R011_T18SUF_20240819T210453.SAFE>,0
4,ESA,18SUH,0.012148,S2A_OPER_MSI_L2A_DS_2APS_20240502T231600_S20240502T161232_N05.10,46283,"S2A_OPER_MSI_L2A_TL_2APS_20240502T231600_A046283_T18SUH_N05.10,S2A_OPER_MSI_L2A_DS_2APS_20240502T231600_S20240502T161232_N05.10",2024-05-02T23:16:00.000000Z,GS2A_20240502T155901_046283_N05.10,INS-NOBS,S2MSI2A,05.10,S2A_OPER_MSI_L2A_TL_2APS_20240502T231600_A046283_T18SUH_N05.10,SENTINEL-2,MSI,97,"2024-05-03T00:09:53Z,2024-05-03T00:09:48Z",A,2024-05-02T15:59:01.024000Z,2024-05-02T15:59:01.024000Z,2024-05-02T15:59:01.024000Z,S2MSI2A,<Item id=S2A_MSIL2A_20240502T155901_N0510_R097_T18SUH_20240502T231600.SAFE>,0
5,ESA,18STJ,0.233181,S2A_OPER_MSI_L2A_DS_2APS_20240608T225001_S20240608T155718_N05.10,46812,"S2A_OPER_MSI_L2A_TL_2APS_20240608T225001_A046812_T18STJ_N05.10,S2A_OPER_MSI_L2A_DS_2APS_20240608T225001_S20240608T155718_N05.10",2024-06-08T22:50:01.000000Z,GS2A_20240608T154941_046812_N05.10,INS-NOBS,S2MSI2A,05.10,S2A_OPER_MSI_L2A_TL_2APS_20240608T225001_A046812_T18STJ_N05.10,SENTINEL-2,MSI,54,"2024-06-08T23:42:45Z,2024-06-08T23:42:30Z",A,2024-06-08T15:49:41.024000Z,2024-06-08T15:49:41.024000Z,2024-06-08T15:49:41.024000Z,S2MSI2A,<Item id=S2A_MSIL2A_20240608T154941_N0510_R054_T18STJ_20240608T225001.SAFE>,0
6,ESA,18SUH,2.590246,S2A_OPER_MSI_L2A_DS_2APS_20240621T231455_S20240621T161238_N05.10,46998,"S2A_OPER_MSI_L2A_TL_2APS_20240621T231455_A046998_T18SUH_N05.10,S2A_OPER_MSI_L2A_DS_2APS_20240621T231455_S20240621T161238_N05.10",2024-06-21T23:14:55.000000Z,GS2A_20240621T155911_046998_N05.10,INS-NOBS,S2MSI2A,05.10,S2A_OPER_MSI_L2A_TL_2APS_20240621T231455_A046998_T18SUH_N05.10,SENTINEL-2,MSI,97,"2024-06-22T00:07:07Z,2024-06-22T00:07:26Z",A,2024-06-21T15:59:11.024000Z,2024-06-21T15:59:11.024000Z,2024-06-21T15:59:11.024000Z,S2MSI2A,<Item id=S2A_MSIL2A_20240621T155911_N0510_R097_T18SUH_20240621T231455.SAFE>,0
7,ESA,18SVG,0.942449,S2B_OPER_MSI_L2A_DS_2BPS_20240620T205309_S20240620T155105_N05.10,38075,"S2B_OPER_MSI_L2A_TL_2BPS_20240620T205309_A038075_T18SVG_N05.10,S2B_OPER_MSI_L2A_DS_2BPS_20240620T205309_S20240620T155105_N05.10",2024-06-20T20:53:09.000000Z,GS2B_20240620T153819_038075_N05.10,INS-NOBS,S2MSI2A,05.10,S2B_OPER_MSI_L2A_TL_2BPS_20240620T205309_A038075_T18SVG_N05.10,SENTINEL-2,MSI,11,"2024-06-20T22:50:34Z,2024-06-20T20:53:42Z",B,2024-06-20T15:38:19.024000Z,2024-06-20T15:38:19.024000Z,2024-06-20T15:38:19.024000Z,S2MSI2A,<Item id=S2B_MSIL2A_20240620T153819_N0510_R011_T18SVG_20240620T205309.SAFE>,0
9,ESA,18SUG,0.0,S2B_OPER_MSI_L2A_DS_2BPS_20240716T202001_S20240716T161237_N05.10,38447,"S2B_OPER_MSI_L2A_TL_2BPS_20240716T202001_A038447_T18SUG_N05.10,S2B_OPER_MSI_L2A_DS_2BPS_20240716T202001_S20240716T161237_N05.10",2024-07-16T20:20:01.000000Z,GS2B_20240716T155819_038447_N05.10,INS-NOBS,S2MSI2A,05.10,S2B_OPER_MSI_L2A_TL_2BPS_20240716T202001_A038447_T18SUG_N05.10,SENTINEL-2,MSI,97,"2024-07-16T21:11:46Z,2024-07-16T20:20:33Z",B,2024-07-16T15:58:19.024000Z,2024-07-16T15:58:19.024000Z,2024-07-16T15:58:19.024000Z,S2MSI2A,<Item id=S2B_MSIL2A_20240716T155819_N0510_R097_T18SUG_20240716T202001.SAFE>,0
10,ESA,17SQC,2.838209,S2B_OPER_MSI_L2A_DS_2BPS_20240716T202001_S20240716T161237_N05.10,38447,"S2B_OPER_MSI_L2A_TL_2BPS_20240716T202001_A038447_T17SQC_N05.10,S2B_OPER_MSI_L2A_DS_2BPS_20240716T202001_S20240716T161237_N05.10",2024-07-16T20:20:01.000000Z,GS2B_20240716T155819_038447_N05.10,INS-NOBS,S2MSI2A,05.10,S2B_OPER_MSI_L2A_TL_2BPS_20240716T202001_A038447_T17SQC_N05.10,SENTINEL-2,MSI,97,"2024-07-16T21:34:43Z,2024-07-16T20:20:33Z",B,2024-07-16T15:58:19.024000Z,2024-07-16T15:58:19.024000Z,2024-07-16T15:58:19.024000Z,S2MSI2A,<Item id=S2B_MSIL2A_20240716T155819_N0510_R097_T17SQC_20240716T202001.SAFE>,0
11,ESA,18STH,1.634347,S2B_OPER_MSI_L2A_DS_2BPS_20240716T201701_S20240716T160014_N05.10,38447,"S2B_OPER_MSI_L2A_TL_2BPS_20240716T201701_A038447_T18STH_N05.10,S2B_OPER_MSI_L2A_DS_2BPS_20240716T201701_S20240716T160014_N05.10",2024-07-16T20:17:01.000000Z,GS2B_20240716T155819_038447_N05.10,INS-NOBS,S2MSI2A,05.10,S2B_OPER_MSI_L2A_TL_2BPS_20240716T201701_A038447_T18STH_N05.10,SENTINEL-2,MSI,97,"2024-07-16T21:41:04Z,2024-07-16T20:17:31Z",B,2024-07-16T15:58:19.024000Z,2024-07-16T15:58:19.024000Z,2024-07-16T15:58:19.024000Z,S2MSI2A,<Item id=S2B_MSIL2A_20240716T155819_N0510_R097_T18STH_20240716T201701.SAFE>,0
12,ESA,18SUH,0.798333,S2B_OPER_MSI_L2A_DS_2BPS_20240805T220539_S20240805T160928_N05.11,38733,"S2B_OPER_MSI_L2A_TL_2BPS_20240805T220539_A038733_T18SUH_N05.11,S2B_OPER_MSI_L2A_DS_2BPS_20240805T220539_S20240805T160928_N05.11",2024-08-05T22:05:39.000000Z,GS2B_20240805T155819_038733_N05.11,INS-NOBS,S2MSI2A,05.11,S2B_OPER_MSI_L2A_TL_2BPS_20240805T220539_A038733_T18SUH_N05.11,SENTINEL-2,MSI,97,"2024-08-05T23:20:33Z,2024-08-05T22:06:20Z",B,2024-08-05T15:58:19.024000Z,2024-08-05T15:58:19.024000Z,2024-08-05T15:58:19.024000Z,S2MSI2A,<Item id=S2B_MSIL2A_20240805T155819_N0511_R097_T18SUH_20240805T220539.SAFE>,0
13,ESA,17SQD,1.73668,S2B_OPER_MSI_L2A_DS_2BPS_20240805T220539_S20240805T160928_N05.11,38733,"S2B_OPER_MSI_L2A_TL_2BPS_20240805T220539_A038733_T17SQD_N05.11,S2B_OPER_MSI_L2A_DS_2BPS_20240805T220539_S20240805T160928_N05.11",2024-08-05T22:05:39.000000Z,GS2B_20240805T155819_038733_N05.11,INS-NOBS,S2MSI2A,05.11,S2B_OPER_MSI_L2A_TL_2BPS_20240805T220539_A038733_T17SQD_N05.11,SENTINEL-2,MSI,97,"2024-08-05T23:35:28Z,2024-08-05T22:06:20Z",B,2024-08-05T15:58:19.024000Z,2024-08-05T15:58:19.024000Z,2024-08-05T15:58:19.024000Z,S2MSI2A,<Item id=S2B_MSIL2A_20240805T155819_N0511_R097_T17SQD_20240805T220539.SAFE>,0
14,ESA,18SVF,1.868562,S2A_OPER_MSI_L2A_DS_2APS_20240615T232148_S20240615T154123_N05.10,46912,"S2A_OPER_MSI_L2A_TL_2APS_20240615T232148_A046912_T18SVF_N05.10,S2A_OPER_MSI_L2A_DS_2APS_20240615T232148_S20240615T154123_N05.10",2024-06-15T23:21:48.000000Z,GS2A_20240615T153941_046912_N05.10,INS-NOBS,S2MSI2A,05.10,S2A_OPER_MSI_L2A_TL_2APS_20240615T232148_A046912_T18SVF_N05.10,SENTINEL-2,MSI,11,"2024-06-16T00:23:41Z,2024-06-16T00:22:52Z",A,2024-06-15T15:39:41.024000Z,2024-06-15T15:39:41.024000Z,2024-06-15T15:39:41.024000Z,S2MSI2A,<Item id=S2A_MSIL2A_20240615T153941_N0510_R011_T18SVF_20240615T232148.SAFE>,0
16,ESA,18STH,1.228608,S2A_OPER_MSI_L2A_DS_2APS_20240618T222157_S20240618T160115_N05.10,46955,"S2A_OPER_MSI_L2A_TL_2APS_20240618T222157_A046955_T18STH_N05.10,S2A_OPER_MSI_L2A_DS_2APS_20240618T222157_S20240618T160115_N05.10",2024-06-18T22:21:57.000000Z,GS2A_20240618T154941_046955_N05.10,INS-NOBS,S2MSI2A,05.10,S2A_OPER_MSI_L2A_TL_2APS_20240618T222157_A046955_T18STH_N05.10,SENTINEL-2,MSI,54,"2024-06-18T23:14:17Z,2024-06-18T23:14:06Z",A,2024-06-18T15:49:41.024000Z,2024-06-18T15:49:41.024000Z,2024-06-18T15:49:41.024000Z,S2MSI2A,<Item id=S2A_MSIL2A_20240618T154941_N0510_R054_T18STH_20240618T222157.SAFE>,0
18,ESA,18SVF,0.834647,S2B_OPER_MSI_L2A_DS_2BPS_20240531T194628_S20240531T154615_N05.10,37789,"S2B_OPER_MSI_L2A_TL_2BPS_20240531T194628_A037789_T18SVF_N05.10,S2B_OPER_MSI_L2A_DS_2BPS_20240531T194628_S20240531T154615_N05.10",2024-05-31T19:46:28.000000Z,GS2B_20240531T153809_037789_N05.10,INS-NOBS,S2MSI2A,05.10,S2B_OPER_MSI_L2A_TL_2BPS_20240531T194628_A037789_T18SVF_N05.10,SENTINEL-2,MSI,11,"2024-05-31T20:49:16Z,2024-05-31T19:47:05Z",B,2024-05-31T15:38:09.024000Z,2024-05-31T15:38:09.024000Z,2024-05-31T15:38:09.024000Z,S2MSI2A,<Item id=S2B_MSIL2A_20240531T153809_N0510_R011_T18SVF_20240531T194628.SAFE>,0
22,ESA,18STG,0.21247,S2A_OPER_MSI_L2A_DS_2APS_20240502T231600_S20240502T161232_N05.10,46283,"S2A_OPER_MSI_L2A_TL_2APS_20240502T231600_A046283_T18STG_N05.10,S2A_OPER_MSI_L2A_DS_2APS_20240502T231600_S20240502T161232_N05.10",2024-05-02T23:16:00.000000Z,GS2A_20240502T155901_046283_N05.10,INS-NOBS,S2MSI2A,05.10,S2A_OPER_MSI_L2A_TL_2APS_20240502T231600_A046283_T18STG_N05.10,SENTINEL-2,MSI,97,"2024-05-03T00:10:56Z,2024-05-03T00:09:48Z",A,2024-05-02T15:59:01.024000Z,2024-05-02T15:59:01.024000Z,2024-05-02T15:59:01.024000Z,S2MSI2A,<Item id=S2A_MSIL2A_20240502T155901_N0510_R097_T18STG_20240502T231600.SAFE>,0
23,ESA,18SUH,1.703494,S2A_OPER_MSI_L2A_DS_2APS_20240502T214853_S20240502T160349_N05.10,46283,"S2A_OPER_MSI_L2A_TL_2APS_20240502T214853_A046283_T18SUH_N05.10,S2A_OPER_MSI_L2A_DS_2APS_20240502T214853_S20240502T160349_N05.10",2024-05-02T21:48:53.000000Z,GS2A_20240502T155901_046283_N05.10,INS-NOBS,S2MSI2A,05.10,S2A_OPER_MSI_L2A_TL_2APS_20240502T214853_A046283_T18SUH_N05.10,SENTINEL-2,MSI,97,"2024-05-02T22:43:41Z,2024-05-02T22:43:35Z",A,2024-05-02T15:59:01.024000Z,2024-05-02T15:59:01.024000Z,2024-05-02T15:59:01.024000Z,S2MSI2A,<Item id=S2A_MSIL2A_20240502T155901_N0510_R097_T18SUH_20240502T214853.SAFE>,0
24,ESA,18SUJ,0.4931,S2B_OPER_MSI_L2A_DS_2BPS_20240716T201701_S20240716T160014_N05.10,38447,"S2B_OPER_MSI_L2A_TL_2BPS_20240716T201701_A038447_T18SUJ_N05.10,S2B_OPER_MSI_L2A_DS_2BPS_20240716T201701_S20240716T160014_N05.10",2024-07-16T20:17:01.000000Z,GS2B_20240716T155819_038447_N05.10,INS-NOBS,S2MSI2A,05.10,S2B_OPER_MSI_L2A_TL_2BPS_20240716T201701_A038447_T18SUJ_N05.10,SENTINEL-2,MSI,97,"2024-07-16T21:23:20Z,2024-07-16T20:17:31Z",B,2024-07-16T15:58:19.024000Z,2024-07-16T15:58:19.024000Z,2024-07-16T15:58:19.024000Z,S2MSI2A,<Item id=S2B_MSIL2A_20240716T155819_N0510_R097_T18SUJ_20240716T201701.SAFE>,0
27,ESA,18STH,1.301843,S2A_OPER_MSI_L2A_DS_2APS_20240621T231455_S20240621T161238_N05.10,46998,"S2A_OPER_MSI_L2A_TL_2APS_20240621T231455_A046998_T18STH_N05.10,S2A_OPER_MSI_L2A_DS_2APS_20240621T231455_S20240621T161238_N05.10",2024-06-21T23:14:55.000000Z,GS2A_20240621T155911_046998_N05.10,INS-NOBS,S2MSI2A,05.10,S2A_OPER_MSI_L2A_TL_2APS_20240621T231455_A046998_T18STH_N05.10,SENTINEL-2,MSI,97,"2024-06-22T00:07:34Z,2024-06-22T00:07:26Z",A,2024-06-21T15:59:11.024000Z,2024-06-21T15:59:11.024000Z,2024-06-21T15:59:11.024000Z,S2MSI2A,<Item id=S2A_MSIL2A_20240621T155911_N0510_R097_T18STH_20240621T231455.SAFE>,0
28,ESA,18SUG,0.013237,S2A_OPER_MSI_L2A_DS_2APS_20240522T234447_S20240522T160113_N05.10,46569,"S2A_OPER_MSI_L2A_TL_2APS_20240522T234447_A046569_T18SUG_N05.10,S2A_OPER_MSI_L2A_DS_2APS_20240522T234447_S20240522T160113_N05.10",2024-05-22T23:44:47.000000Z,GS2A_20240522T155901_046569_N05.10,INS-NOBS,S2MSI2A,05.10,S2A_OPER_MSI_L2A_TL_2APS_20240522T234447_A046569_T18SUG_N05.10,SENTINEL-2,MSI,97,"2024-05-23T00:44:02Z,2024-05-23T00:44:06Z",A,2024-05-22T15:59:01.024000Z,2024-05-22T15:59:01.024000Z,2024-05-22T15:59:01.024000Z,S2MSI2A,<Item id=S2A_MSIL2A_20240522T155901_N0510_R097_T18SUG_20240522T234447.SAFE>,0
29,ESA,18SUH,2.438816,S2B_OPER_MSI_L2A_DS_2BPS_20240716T201701_S20240716T160014_N05.10,38447,"S2B_OPER_MSI_L2A_TL_2BPS_20240716T201701_A038447_T18SUH_N05.10,S2B_OPER_MSI_L2A_DS_2BPS_20240716T201701_S20240716T160014_N05.10",2024-07-16T20:17:01.000000Z,GS2B_20240716T155819_038447_N05.10,INS-NOBS,S2MSI2A,05.10,S2B_OPER_MSI_L2A_TL_2BPS_20240716T201701_A038447_T18SUH_N05.10,SENTINEL-2,MSI,97,"2024-07-16T21:08:41Z,2024-07-16T20:17:31Z",B,2024-07-16T15:58:19.024000Z,2024-07-16T15:58:19.024000Z,2024-07-16T15:58:19.024000Z,S2MSI2A,<Item id=S2B_MSIL2A_20240716T155819_N0510_R097_T18SUH_20240716T201701.SAFE>,0
30,ESA,18SUJ,2.590798,S2B_OPER_MSI_L2A_DS_2BPS_20240703T200329_S20240703T155524_N05.10,38261,"S2B_OPER_MSI_L2A_TL_2BPS_20240703T200329_A038261_T18SUJ_N05.10,S2B_OPER_MSI_L2A_DS_2BPS_20240703T200329_S20240703T155524_N05.10",2024-07-03T20:03:29.000000Z,GS2B_20240703T154819_038261_N05.10,INS-NOBS,S2MSI2A,05.10,S2B_OPER_MSI_L2A_TL_2BPS_20240703T200329_A038261_T18SUJ_N05.10,SENTINEL-2,MSI,54,"2024-07-03T21:30:20Z,2024-07-03T20:04:00Z",B,2024-07-03T15:48:19.024000Z,2024-07-03T15:48:19.024000Z,2024-07-03T15:48:19.024000Z,S2MSI2A,<Item id=S2B_MSIL2A_20240703T154819_N0510_R054_T18SUJ_20240703T200329.SAFE>,0
31,ESA,17SQC,0.246432,S2A_OPER_MSI_L2A_DS_2APS_20240618T222157_S20240618T160115_N05.10,46955,"S2A_OPER_MSI_L2A_TL_2APS_20240618T222157_A046955_T17SQC_N05.10,S2A_OPER_MSI_L2A_DS_2APS_20240618T222157_S20240618T160115_N05.10",2024-06-18T22:21:57.000000Z,GS2A_20240618T154941_046955_N05.10,INS-NOBS,S2MSI2A,05.10,S2A_OPER_MSI_L2A_TL_2APS_20240618T222157_A046955_T17SQC_N05.10,SENTINEL-2,MSI,54,"2024-06-18T23:14:16Z,2024-06-18T23:14:06Z",A,2024-06-18T15:49:41.024000Z,2024-06-18T15:49:41.024000Z,2024-06-18T15:49:41.024000Z,S2MSI2A,<Item id=S2A_MSIL2A_20240618T154941_N0510_R054_T17SQC_20240618T222157.SAFE>,0
32,ESA,18SUH,0.102758,S2B_OPER_MSI_L2A_DS_2BPS_20240716T202001_S20240716T161237_N05.10,38447,"S2B_OPER_MSI_L2A_TL_2BPS_20240716T202001_A038447_T18SUH_N05.10,S2B_OPER_MSI_L2A_DS_2BPS_20240716T202001_S20240716T161237_N05.10",2024-07-16T20:20:01.000000Z,GS2B_20240716T155819_038447_N05.10,INS-NOBS,S2MSI2A,05.10,S2B_OPER_MSI_L2A_TL_2BPS_20240716T202001_A038447_T18SUH_N05.10,SENTINEL-2,MSI,97,"2024-07-16T21:12:29Z,2024-07-16T20:20:33Z",B,2024-07-16T15:58:19.024000Z,2024-07-16T15:58:19.024000Z,2024-07-16T15:58:19.024000Z,S2MSI2A,<Item id=S2B_MSIL2A_20240716T155819_N0510_R097_T18SUH_20240716T202001.SAFE>,0
34,ESA,18STJ,1.908657,S2B_OPER_MSI_L2A_DS_2BPS_20240805T220539_S20240805T160928_N05.11,38733,"S2B_OPER_MSI_L2A_TL_2BPS_20240805T220539_A038733_T18STJ_N05.11,S2B_OPER_MSI_L2A_DS_2BPS_20240805T220539_S20240805T160928_N05.11",2024-08-05T22:05:39.000000Z,GS2B_20240805T155819_038733_N05.11,INS-NOBS,S2MSI2A,05.11,S2B_OPER_MSI_L2A_TL_2BPS_20240805T220539_A038733_T18STJ_N05.11,SENTINEL-2,MSI,97,"2024-08-05T23:31:35Z,2024-08-05T22:06:20Z",B,2024-08-05T15:58:19.024000Z,2024-08-05T15:58:19.024000Z,2024-08-05T15:58:19.024000Z,S2MSI2A,<Item id=S2B_MSIL2A_20240805T155819_N0511_R097_T18STJ_20240805T220539.SAFE>,0
36,ESA,17SQC,1.39481,S2B_OPER_MSI_L2A_DS_2BPS_20240805T220539_S20240805T160928_N05.11,38733,"S2B_OPER_MSI_L2A_TL_2BPS_20240805T220539_A038733_T17SQC_N05.11,S2B_OPER_MSI_L2A_DS_2BPS_20240805T220539_S20240805T160928_N05.11",2024-08-05T22:05:39.000000Z,GS2B_20240805T155819_038733_N05.11,INS-NOBS,S2MSI2A,05.11,S2B_OPER_MSI_L2A_TL_2BPS_20240805T220539_A038733_T17SQC_N05.11,SENTINEL-2,MSI,97,"2024-08-05T23:35:09Z,2024-08-05T22:06:20Z",B,2024-08-05T15:58:19.024000Z,2024-08-05T15:58:19.024000Z,2024-08-05T15:58:19.024000Z,S2MSI2A,<Item id=S2B_MSIL2A_20240805T155819_N0511_R097_T17SQC_20240805T220539.SAFE>,0
38,ESA,18SUH,0.003271,S2A_OPER_MSI_L2A_DS_2APS_20240909T230449_S20240909T161131_N05.11,48142,"S2A_OPER_MSI_L2A_TL_2APS_20240909T230449_A048142_T18SUH_N05.11,S2A_OPER_MSI_L2A_DS_2APS_20240909T230449_S20240909T161131_N05.11",2024-09-09T23:04:49.000000Z,GS2A_20240909T155901_048142_N05.11,INS-NOBS,S2MSI2A,05.11,S2A_OPER_MSI_L2A_TL_2APS_20240909T230449_A048142_T18SUH_N05.11,SENTINEL-2,MSI,97,"2024-09-10T00:01:10Z,2024-09-10T00:00:49Z",A,2024-09-09T15:59:01.024000Z,2024-09-09T15:59:01.024000Z,2024-09-09T15:59:01.024000Z,S2MSI2A,<Item id=S2A_MSIL2A_20240909T155901_N0511_R097_T18SUH_20240909T230449.SAFE>,0
39,ESA,18STH,0.00163,S2A_OPER_MSI_L2A_DS_2APS_20240909T230449_S20240909T161131_N05.11,48142,"S2A_OPER_MSI_L2A_TL_2APS_20240909T230449_A048142_T18STH_N05.11,S2A_OPER_MSI_L2A_DS_2APS_20240909T230449_S20240909T161131_N05.11",2024-09-09T23:04:49.000000Z,GS2A_20240909T155901_048142_N05.11,INS-NOBS,S2MSI2A,05.11,S2A_OPER_MSI_L2A_TL_2APS_20240909T230449_A048142_T18STH_N05.11,SENTINEL-2,MSI,97,"2024-09-10T00:01:46Z,2024-09-10T00:00:49Z",A,2024-09-09T15:59:01.024000Z,2024-09-09T15:59:01.024000Z,2024-09-09T15:59:01.024000Z,S2MSI2A,<Item id=S2A_MSIL2A_20240909T155901_N0511_R097_T18STH_20240909T230449.SAFE>,1
40,ESA,18STJ,0.000899,S2A_OPER_MSI_L2A_DS_2APS_20240909T230449_S20240909T161131_N05.11,48142,"S2A_OPER_MSI_L2A_TL_2APS_20240909T230449_A048142_T18STJ_N05.11,S2A_OPER_MSI_L2A_DS_2APS_20240909T230449_S20240909T161131_N05.11",2024-09-09T23:04:49.000000Z,GS2A_20240909T155901_048142_N05.11,INS-NOBS,S2MSI2A,05.11,S2A_OPER_MSI_L2A_TL_2APS_20240909T230449_A048142_T18STJ_N05.11,SENTINEL-2,MSI,97,"2024-09-10T00:01:47Z,2024-09-10T00:00:49Z",A,2024-09-09T15:59:01.024000Z,2024-09-09T15:59:01.024000Z,2024-09-09T15:59:01.024000Z,S2MSI2A,<Item id=S2A_MSIL2A_20240909T155901_N0511_R097_T18STJ_20240909T230449.SAFE>,1
41,ESA,18SUG,2.053082,S2B_OPER_MSI_L2A_DS_2BPS_20240911T200944_S20240911T155232_N05.11,39262,"S2B_OPER_MSI_L2A_TL_2BPS_20240911T200944_A039262_T18SUG_N05.11,S2B_OPER_MSI_L2A_DS_2BPS_20240911T200944_S20240911T155232_N05.11",2024-09-11T20:09:44.000000Z,GS2B_20240911T154809_039262_N05.11,INS-NOBS,S2MSI2A,05.11,S2B_OPER_MSI_L2A_TL_2BPS_20240911T200944_A039262_T18SUG_N05.11,SENTINEL-2,MSI,54,"2024-09-11T21:21:41Z,2024-09-11T20:10:21Z",B,2024-09-11T15:48:09.024000Z,2024-09-11T15:48:09.024000Z,2024-09-11T15:48:09.024000Z,S2MSI2A,<Item id=S2B_MSIL2A_20240911T154809_N0511_R054_T18SUG_20240911T200944.SAFE>,0
42,ESA,18SVG,0.284203,S2B_OPER_MSI_L2A_DS_2BPS_20240911T200944_S20240911T155232_N05.11,39262,"S2B_OPER_MSI_L2A_TL_2BPS_20240911T200944_A039262_T18SVG_N05.11,S2B_OPER_MSI_L2A_DS_2BPS_20240911T200944_S20240911T155232_N05.11",2024-09-11T20:09:44.000000Z,GS2B_20240911T154809_039262_N05.11,INS-NOBS,S2MSI2A,05.11,S2B_OPER_MSI_L2A_TL_2BPS_20240911T200944_A039262_T18SVG_N05.11,SENTINEL-2,MSI,54,"2024-09-11T21:05:16Z,2024-09-11T20:10:21Z",B,2024-09-11T15:48:09.024000Z,2024-09-11T15:48:09.024000Z,2024-09-11T15:48:09.024000Z,S2MSI2A,<Item id=S2B_MSIL2A_20240911T154809_N0511_R054_T18SVG_20240911T200944.SAFE>,0
43,ESA,18SVJ,0.262484,S2B_OPER_MSI_L2A_DS_2BPS_20240911T200944_S20240911T155232_N05.11,39262,"S2B_OPER_MSI_L2A_TL_2BPS_20240911T200944_A039262_T18SVJ_N05.11,S2B_OPER_MSI_L2A_DS_2BPS_20240911T200944_S20240911T155232_N05.11",2024-09-11T20:09:44.000000Z,GS2B_20240911T154809_039262_N05.11,INS-NOBS,S2MSI2A,05.11,S2B_OPER_MSI_L2A_TL_2BPS_20240911T200944_A039262_T18SVJ_N05.11,SENTINEL-2,MSI,54,"2024-09-11T21:19:18Z,2024-09-11T20:10:21Z",B,2024-09-11T15:48:09.024000Z,2024-09-11T15:48:09.024000Z,2024-09-11T15:48:09.024000Z,S2MSI2A,<Item id=S2B_MSIL2A_20240911T154809_N0511_R054_T18SVJ_20240911T200944.SAFE>,0
45,ESA,18SUH,1.309797,S2B_OPER_MSI_L2A_DS_2BPS_20240911T200944_S20240911T155232_N05.11,39262,"S2B_OPER_MSI_L2A_TL_2BPS_20240911T200944_A039262_T18SUH_N05.11,S2B_OPER_MSI_L2A_DS_2BPS_20240911T200944_S20240911T155232_N05.11",2024-09-11T20:09:44.000000Z,GS2B_20240911T154809_039262_N05.11,INS-NOBS,S2MSI2A,05.11,S2B_OPER_MSI_L2A_TL_2BPS_20240911T200944_A039262_T18SUH_N05.11,SENTINEL-2,MSI,54,"2024-09-11T21:21:29Z,2024-09-11T20:10:21Z",B,2024-09-11T15:48:09.024000Z,2024-09-11T15:48:09.024000Z,2024-09-11T15:48:09.024000Z,S2MSI2A,<Item id=S2B_MSIL2A_20240911T154809_N0511_R054_T18SUH_20240911T200944.SAFE>,0
46,ESA,18STH,0.376884,S2B_OPER_MSI_L2A_DS_2BPS_20240911T200944_S20240911T155232_N05.11,39262,"S2B_OPER_MSI_L2A_TL_2BPS_20240911T200944_A039262_T18STH_N05.11,S2B_OPER_MSI_L2A_DS_2BPS_20240911T200944_S20240911T155232_N05.11",2024-09-11T20:09:44.000000Z,GS2B_20240911T154809_039262_N05.11,INS-NOBS,S2MSI2A,05.11,S2B_OPER_MSI_L2A_TL_2BPS_20240911T200944_A039262_T18STH_N05.11,SENTINEL-2,MSI,54,"2024-09-11T21:11:15Z,2024-09-11T20:10:21Z",B,2024-09-11T15:48:09.024000Z,2024-09-11T15:48:09.024000Z,2024-09-11T15:48:09.024000Z,S2MSI2A,<Item id=S2B_MSIL2A_20240911T154809_N0511_R054_T18STH_20240911T200944.SAFE>,0
47,ESA,17SQC,0.341088,S2B_OPER_MSI_L2A_DS_2BPS_20240911T200944_S20240911T155232_N05.11,39262,"S2B_OPER_MSI_L2A_TL_2BPS_20240911T200944_A039262_T17SQC_N05.11,S2B_OPER_MSI_L2A_DS_2BPS_20240911T200944_S20240911T155232_N05.11",2024-09-11T20:09:44.000000Z,GS2B_20240911T154809_039262_N05.11,INS-NOBS,S2MSI2A,05.11,S2B_OPER_MSI_L2A_TL_2BPS_20240911T200944_A039262_T17SQC_N05.11,SENTINEL-2,MSI,54,"2024-09-11T21:19:46Z,2024-09-11T20:10:21Z",B,2024-09-11T15:48:09.024000Z,2024-09-11T15:48:09.024000Z,2024-09-11T15:48:09.024000Z,S2MSI2A,<Item id=S2B_MSIL2A_20240911T154809_N0511_R054_T17SQC_20240911T200944.SAFE>,0
48,ESA,18SVF,1.343247,S2A_OPER_MSI_L2A_DS_2APS_20240728T235651_S20240728T160102_N05.11,47527,"S2A_OPER_MSI_L2A_TL_2APS_20240728T235651_A047527_T18SVF_N05.11,S2A_OPER_MSI_L2A_DS_2APS_20240728T235651_S20240728T160102_N05.11",2024-07-28T23:56:51.000000Z,GS2A_20240728T154941_047527_N05.11,INS-NOBS,S2MSI2A,05.11,S2A_OPER_MSI_L2A_TL_2APS_20240728T235651_A047527_T18SVF_N05.11,SENTINEL-2,MSI,54,"2024-07-29T00:48:54Z,2024-07-29T00:48:46Z",A,2024-07-28T15:49:41.024000Z,2024-07-28T15:49:41.024000Z,2024-07-28T15:49:41.024000Z,S2MSI2A,<Item id=S2A_MSIL2A_20240728T154941_N0511_R054_T18SVF_20240728T235651.SAFE>,0
49,ESA,18SUG,0.0,S2A_OPER_MSI_L2A_DS_2APS_20240502T231600_S20240502T161232_N05.10,46283,"S2A_OPER_MSI_L2A_TL_2APS_20240502T231600_A046283_T18SUG_N05.10,S2A_OPER_MSI_L2A_DS_2APS_20240502T231600_S20240502T161232_N05.10",2024-05-02T23:16:00.000000Z,GS2A_20240502T155901_046283_N05.10,INS-NOBS,S2MSI2A,05.10,S2A_OPER_MSI_L2A_TL_2APS_20240502T231600_A046283_T18SUG_N05.10,SENTINEL-2,MSI,97,"2024-05-03T00:09:47Z,2024-05-03T00:09:48Z",A,2024-05-02T15:59:01.024000Z,2024-05-02T15:59:01.024000Z,2024-05-02T15:59:01.024000Z,S2MSI2A,<Item id=S2A_MSIL2A_20240502T155901_N0510_R097_T18SUG_20240502T231600.SAFE>,0
51,ESA,17SQD,0.007379,S2B_OPER_MSI_L2A_DS_2BPS_20240911T200944_S20240911T155232_N05.11,39262,"S2B_OPER_MSI_L2A_TL_2BPS_20240911T200944_A039262_T17SQD_N05.11,S2B_OPER_MSI_L2A_DS_2BPS_20240911T200944_S20240911T155232_N05.11",2024-09-11T20:09:44.000000Z,GS2B_20240911T154809_039262_N05.11,INS-NOBS,S2MSI2A,05.11,S2B_OPER_MSI_L2A_TL_2BPS_20240911T200944_A039262_T17SQD_N05.11,SENTINEL-2,MSI,54,"2024-09-11T21:00:27Z,2024-09-11T20:10:21Z",B,2024-09-11T15:48:09.024000Z,2024-09-11T15:48:09.024000Z,2024-09-11T15:48:09.024000Z,S2MSI2A,<Item id=S2B_MSIL2A_20240911T154809_N0511_R054_T17SQD_20240911T200944.SAFE>,1
52,ESA,18SUG,0.0,S2B_OPER_MSI_L2A_DS_2BPS_20240626T212822_S20240626T161215_N05.10,38161,"S2B_OPER_MSI_L2A_TL_2BPS_20240626T212822_A038161_T18SUG_N05.10,S2B_OPER_MSI_L2A_DS_2BPS_20240626T212822_S20240626T161215_N05.10",2024-06-26T21:28:22.000000Z,GS2B_20240626T155819_038161_N05.10,INS-NOBS,S2MSI2A,05.10,S2B_OPER_MSI_L2A_TL_2BPS_20240626T212822_A038161_T18SUG_N05.10,SENTINEL-2,MSI,97,"2024-06-26T22:10:34Z,2024-06-26T21:28:55Z",B,2024-06-26T15:58:19.024000Z,2024-06-26T15:58:19.024000Z,2024-06-26T15:58:19.024000Z,S2MSI2A,<Item id=S2B_MSIL2A_20240626T155819_N0510_R097_T18SUG_20240626T212822.SAFE>,0
59,ESA,18SUG,0.0,S2B_OPER_MSI_L2A_DS_2BPS_20240815T202258_S20240815T160633_N05.11,38876,"S2B_OPER_MSI_L2A_TL_2BPS_20240815T202258_A038876_T18SUG_N05.11,S2B_OPER_MSI_L2A_DS_2BPS_20240815T202258_S20240815T160633_N05.11",2024-08-15T20:22:58.000000Z,GS2B_20240815T155819_038876_N05.11,INS-NOBS,S2MSI2A,05.11,S2B_OPER_MSI_L2A_TL_2BPS_20240815T202258_A038876_T18SUG_N05.11,SENTINEL-2,MSI,97,"2024-08-15T21:09:52Z,2024-08-15T20:23:33Z",B,2024-08-15T15:58:19.024000Z,2024-08-15T15:58:19.024000Z,2024-08-15T15:58:19.024000Z,S2MSI2A,<Item id=S2B_MSIL2A_20240815T155819_N0511_R097_T18SUG_20240815T202258.SAFE>,0
60,ESA,17SQD,1.981145,S2B_OPER_MSI_L2A_DS_2BPS_20240815T202258_S20240815T160633_N05.11,38876,"S2B_OPER_MSI_L2A_TL_2BPS_20240815T202258_A038876_T17SQD_N05.11,S2B_OPER_MSI_L2A_DS_2BPS_20240815T202258_S20240815T160633_N05.11",2024-08-15T20:22:58.000000Z,GS2B_20240815T155819_038876_N05.11,INS-NOBS,S2MSI2A,05.11,S2B_OPER_MSI_L2A_TL_2BPS_20240815T202258_A038876_T17SQD_N05.11,SENTINEL-2,MSI,97,"2024-08-15T21:37:32Z,2024-08-15T20:23:33Z",B,2024-08-15T15:58:19.024000Z,2024-08-15T15:58:19.024000Z,2024-08-15T15:58:19.024000Z,S2MSI2A,<Item id=S2B_MSIL2A_20240815T155819_N0511_R097_T17SQD_20240815T202258.SAFE>,0
62,ESA,18SVJ,2.554925,S2B_OPER_MSI_L2A_DS_2BPS_20240531T194628_S20240531T154615_N05.10,37789,"S2B_OPER_MSI_L2A_TL_2BPS_20240531T194628_A037789_T18SVJ_N05.10,S2B_OPER_MSI_L2A_DS_2BPS_20240531T194628_S20240531T154615_N05.10",2024-05-31T19:46:28.000000Z,GS2B_20240531T153809_037789_N05.10,INS-NOBS,S2MSI2A,05.10,S2B_OPER_MSI_L2A_TL_2BPS_20240531T194628_A037789_T18SVJ_N05.10,SENTINEL-2,MSI,11,"2024-05-31T20:42:51Z,2024-05-31T19:47:05Z",B,2024-05-31T15:38:09.024000Z,2024-05-31T15:38:09.024000Z,2024-05-31T15:38:09.024000Z,S2MSI2A,<Item id=S2B_MSIL2A_20240531T153809_N0510_R011_T18SVJ_20240531T194628.SAFE>,0
64,ESA,18STG,0.000556,S2B_OPER_MSI_L2A_DS_2BPS_20240825T202603_S20240825T160630_N05.11,39019,"S2B_OPER_MSI_L2A_TL_2BPS_20240825T202603_A039019_T18STG_N05.11,S2B_OPER_MSI_L2A_DS_2BPS_20240825T202603_S20240825T160630_N05.11",2024-08-25T20:26:03.000000Z,GS2B_20240825T155819_039019_N05.11,INS-NOBS,S2MSI2A,05.11,S2B_OPER_MSI_L2A_TL_2BPS_20240825T202603_A039019_T18STG_N05.11,SENTINEL-2,MSI,97,"2024-08-25T21:39:35Z,2024-08-25T20:26:46Z",B,2024-08-25T15:58:19.024000Z,2024-08-25T15:58:19.024000Z,2024-08-25T15:58:19.024000Z,S2MSI2A,<Item id=S2B_MSIL2A_20240825T155819_N0511_R097_T18STG_20240825T202603.SAFE>,1
65,ESA,18SUH,0.001081,S2B_OPER_MSI_L2A_DS_2BPS_20240825T202603_S20240825T160630_N05.11,39019,"S2B_OPER_MSI_L2A_TL_2BPS_20240825T202603_A039019_T18SUH_N05.11,S2B_OPER_MSI_L2A_DS_2BPS_20240825T202603_S20240825T160630_N05.11",2024-08-25T20:26:03.000000Z,GS2B_20240825T155819_039019_N05.11,INS-NOBS,S2MSI2A,05.11,S2B_OPER_MSI_L2A_TL_2BPS_20240825T202603_A039019_T18SUH_N05.11,SENTINEL-2,MSI,97,"2024-08-25T21:16:39Z,2024-08-25T20:26:46Z",B,2024-08-25T15:58:19.024000Z,2024-08-25T15:58:19.024000Z,2024-08-25T15:58:19.024000Z,S2MSI2A,<Item id=S2B_MSIL2A_20240825T155819_N0511_R097_T18SUH_20240825T202603.SAFE>,1
66,ESA,18SUG,0.0,S2B_OPER_MSI_L2A_DS_2BPS_20240825T202603_S20240825T160630_N05.11,39019,"S2B_OPER_MSI_L2A_TL_2BPS_20240825T202603_A039019_T18SUG_N05.11,S2B_OPER_MSI_L2A_DS_2BPS_20240825T202603_S20240825T160630_N05.11",2024-08-25T20:26:03.000000Z,GS2B_20240825T155819_039019_N05.11,INS-NOBS,S2MSI2A,05.11,S2B_OPER_MSI_L2A_TL_2BPS_20240825T202603_A039019_T18SUG_N05.11,SENTINEL-2,MSI,97,"2024-08-25T21:10:11Z,2024-08-25T20:26:46Z",B,2024-08-25T15:58:19.024000Z,2024-08-25T15:58:19.024000Z,2024-08-25T15:58:19.024000Z,S2MSI2A,<Item id=S2B_MSIL2A_20240825T155819_N0511_R097_T18SUG_20240825T202603.SAFE>,0
67,ESA,18SUJ,0.000426,S2B_OPER_MSI_L2A_DS_2BPS_20240825T202603_S20240825T160630_N05.11,39019,"S2B_OPER_MSI_L2A_TL_2BPS_20240825T202603_A039019_T18SUJ_N05.11,S2B_OPER_MSI_L2A_DS_2BPS_20240825T202603_S20240825T160630_N05.11",2024-08-25T20:26:03.000000Z,GS2B_20240825T155819_039019_N05.11,INS-NOBS,S2MSI2A,05.11,S2B_OPER_MSI_L2A_TL_2BPS_20240825T202603_A039019_T18SUJ_N05.11,SENTINEL-2,MSI,97,"2024-08-25T21:25:46Z,2024-08-25T20:26:46Z",B,2024-08-25T15:58:19.024000Z,2024-08-25T15:58:19.024000Z,2024-08-25T15:58:19.024000Z,S2MSI2A,<Item id=S2B_MSIL2A_20240825T155819_N0511_R097_T18SUJ_20240825T202603.SAFE>,1
68,ESA,17SQC,0.315954,S2B_OPER_MSI_L2A_DS_2BPS_20240825T202603_S20240825T160630_N05.11,39019,"S2B_OPER_MSI_L2A_TL_2BPS_20240825T202603_A039019_T17SQC_N05.11,S2B_OPER_MSI_L2A_DS_2BPS_20240825T202603_S20240825T160630_N05.11",2024-08-25T20:26:03.000000Z,GS2B_20240825T155819_039019_N05.11,INS-NOBS,S2MSI2A,05.11,S2B_OPER_MSI_L2A_TL_2BPS_20240825T202603_A039019_T17SQC_N05.11,SENTINEL-2,MSI,97,"2024-08-25T21:46:15Z,2024-08-25T20:26:46Z",B,2024-08-25T15:58:19.024000Z,2024-08-25T15:58:19.024000Z,2024-08-25T15:58:19.024000Z,S2MSI2A,<Item id=S2B_MSIL2A_20240825T155819_N0511_R097_T17SQC_20240825T202603.SAFE>,0
69,ESA,18STH,0.152048,S2B_OPER_MSI_L2A_DS_2BPS_20240825T202603_S20240825T160630_N05.11,39019,"S2B_OPER_MSI_L2A_TL_2BPS_20240825T202603_A039019_T18STH_N05.11,S2B_OPER_MSI_L2A_DS_2BPS_20240825T202603_S20240825T160630_N05.11",2024-08-25T20:26:03.000000Z,GS2B_20240825T155819_039019_N05.11,INS-NOBS,S2MSI2A,05.11,S2B_OPER_MSI_L2A_TL_2BPS_20240825T202603_A039019_T18STH_N05.11,SENTINEL-2,MSI,97,"2024-08-25T21:46:44Z,2024-08-25T20:26:46Z",B,2024-08-25T15:58:19.024000Z,2024-08-25T15:58:19.024000Z,2024-08-25T15:58:19.024000Z,S2MSI2A,<Item id=S2B_MSIL2A_20240825T155819_N0511_R097_T18STH_20240825T202603.SAFE>,0
70,ESA,18SVG,0.020803,S2A_OPER_MSI_L2A_DS_2APS_20240715T221052_S20240715T154930_N05.10,47341,"S2A_OPER_MSI_L2A_TL_2APS_20240715T221052_A047341_T18SVG_N05.10,S2A_OPER_MSI_L2A_DS_2APS_20240715T221052_S20240715T154930_N05.10",2024-07-15T22:10:52.000000Z,GS2A_20240715T153941_047341_N05.10,INS-NOBS,S2MSI2A,05.10,S2A_OPER_MSI_L2A_TL_2APS_20240715T221052_A047341_T18SVG_N05.10,SENTINEL-2,MSI,11,"2024-07-15T23:03:14Z,2024-07-15T23:03:20Z",A,2024-07-15T15:39:41.024000Z,2024-07-15T15:39:41.024000Z,2024-07-15T15:39:41.024000Z,S2MSI2A,<Item id=S2A_MSIL2A_20240715T153941_N0510_R011_T18SVG_20240715T221052.SAFE>,1
71,ESA,17SQC,0.001546,S2A_OPER_MSI_L2A_DS_2APS_20240909T230449_S20240909T161131_N05.11,48142,"S2A_OPER_MSI_L2A_TL_2APS_20240909T230449_A048142_T17SQC_N05.11,S2A_OPER_MSI_L2A_DS_2APS_20240909T230449_S20240909T161131_N05.11",2024-09-09T23:04:49.000000Z,GS2A_20240909T155901_048142_N05.11,INS-NOBS,S2MSI2A,05.11,S2A_OPER_MSI_L2A_TL_2APS_20240909T230449_A048142_T17SQC_N05.11,SENTINEL-2,MSI,97,"2024-09-10T00:01:00Z,2024-09-10T00:00:49Z",A,2024-09-09T15:59:01.024000Z,2024-09-09T15:59:01.024000Z,2024-09-09T15:59:01.024000Z,S2MSI2A,<Item id=S2A_MSIL2A_20240909T155901_N0511_R097_T17SQC_20240909T230449.SAFE>,1
73,ESA,18STG,0.402575,S2A_OPER_MSI_L2A_DS_2APS_20240909T230449_S20240909T161131_N05.11,48142,"S2A_OPER_MSI_L2A_TL_2APS_20240909T230449_A048142_T18STG_N05.11,S2A_OPER_MSI_L2A_DS_2APS_20240909T230449_S20240909T161131_N05.11",2024-09-09T23:04:49.000000Z,GS2A_20240909T155901_048142_N05.11,INS-NOBS,S2MSI2A,05.11,S2A_OPER_MSI_L2A_TL_2APS_20240909T230449_A048142_T18STG_N05.11,SENTINEL-2,MSI,97,"2024-09-10T00:02:01Z,2024-09-10T00:00:49Z",A,2024-09-09T15:59:01.024000Z,2024-09-09T15:59:01.024000Z,2024-09-09T15:59:01.024000Z,S2MSI2A,<Item id=S2A_MSIL2A_20240909T155901_N0511_R097_T18STG_20240909T230449.SAFE>,0
77,ESA,18SVH,0.659838,S2B_OPER_MSI_L2A_DS_2BPS_20240531T194628_S20240531T154615_N05.10,37789,"S2B_OPER_MSI_L2A_TL_2BPS_20240531T194628_A037789_T18SVH_N05.10,S2B_OPER_MSI_L2A_DS_2BPS_20240531T194628_S20240531T154615_N05.10",2024-05-31T19:46:28.000000Z,GS2B_20240531T153809_037789_N05.10,INS-NOBS,S2MSI2A,05.10,S2B_OPER_MSI_L2A_TL_2BPS_20240531T194628_A037789_T18SVH_N05.10,SENTINEL-2,MSI,11,"2024-05-31T20:49:40Z,2024-05-31T19:47:05Z",B,2024-05-31T15:38:09.024000Z,2024-05-31T15:38:09.024000Z,2024-05-31T15:38:09.024000Z,S2MSI2A,<Item id=S2B_MSIL2A_20240531T153809_N0510_R011_T18SVH_20240531T194628.SAFE>,0
78,ESA,18SUJ,0.038827,S2B_OPER_MSI_L2A_DS_2BPS_20240815T202258_S20240815T160633_N05.11,38876,"S2B_OPER_MSI_L2A_TL_2BPS_20240815T202258_A038876_T18SUJ_N05.11,S2B_OPER_MSI_L2A_DS_2BPS_20240815T202258_S20240815T160633_N05.11",2024-08-15T20:22:58.000000Z,GS2B_20240815T155819_038876_N05.11,INS-NOBS,S2MSI2A,05.11,S2B_OPER_MSI_L2A_TL_2BPS_20240815T202258_A038876_T18SUJ_N05.11,SENTINEL-2,MSI,97,"2024-08-15T21:21:30Z,2024-08-15T20:23:33Z",B,2024-08-15T15:58:19.024000Z,2024-08-15T15:58:19.024000Z,2024-08-15T15:58:19.024000Z,S2MSI2A,<Item id=S2B_MSIL2A_20240815T155819_N0511_R097_T18SUJ_20240815T202258.SAFE>,0
81,ESA,18SUH,0.004959,S2B_OPER_MSI_L2A_DS_2BPS_20240815T202258_S20240815T160633_N05.11,38876,"S2B_OPER_MSI_L2A_TL_2BPS_20240815T202258_A038876_T18SUH_N05.11,S2B_OPER_MSI_L2A_DS_2BPS_20240815T202258_S20240815T160633_N05.11",2024-08-15T20:22:58.000000Z,GS2B_20240815T155819_038876_N05.11,INS-NOBS,S2MSI2A,05.11,S2B_OPER_MSI_L2A_TL_2BPS_20240815T202258_A038876_T18SUH_N05.11,SENTINEL-2,MSI,97,"2024-08-15T21:30:28Z,2024-08-15T20:23:33Z",B,2024-08-15T15:58:19.024000Z,2024-08-15T15:58:19.024000Z,2024-08-15T15:58:19.024000Z,S2MSI2A,<Item id=S2B_MSIL2A_20240815T155819_N0511_R097_T18SUH_20240815T202258.SAFE>,0
82,ESA,18SVF,0.238833,S2B_OPER_MSI_L2A_DS_2BPS_20240928T210734_S20240928T154210_N05.11,39505,"S2B_OPER_MSI_L2A_TL_2BPS_20240928T210734_A039505_T18SVF_N05.11,S2B_OPER_MSI_L2A_DS_2BPS_20240928T210734_S20240928T154210_N05.11",2024-09-28T21:07:34.000000Z,GS2B_20240928T153929_039505_N05.11,INS-NOBS,S2MSI2A,05.11,S2B_OPER_MSI_L2A_TL_2BPS_20240928T210734_A039505_T18SVF_N05.11,SENTINEL-2,MSI,11,"2024-09-28T22:12:42Z,2024-09-28T21:08:07Z",B,2024-09-28T15:39:29.024000Z,2024-09-28T15:39:29.024000Z,2024-09-28T15:39:29.024000Z,S2MSI2A,<Item id=S2B_MSIL2A_20240928T153929_N0511_R011_T18SVF_20240928T210734.SAFE>,1
83,ESA,18STH,2.083056,S2A_OPER_MSI_L2A_DS_2APS_20240827T221452_S20240827T160119_N05.11,47956,"S2A_OPER_MSI_L2A_TL_2APS_20240827T221452_A047956_T18STH_N05.11,S2A_OPER_MSI_L2A_DS_2APS_20240827T221452_S20240827T160119_N05.11",2024-08-27T22:14:52.000000Z,GS2A_20240827T154931_047956_N05.11,INS-NOBS,S2MSI2A,05.11,S2A_OPER_MSI_L2A_TL_2APS_20240827T221452_A047956_T18STH_N05.11,SENTINEL-2,MSI,54,"2024-08-27T23:03:45Z,2024-08-27T23:03:24Z",A,2024-08-27T15:49:31.024000Z,2024-08-27T15:49:31.024000Z,2024-08-27T15:49:31.024000Z,S2MSI2A,<Item id=S2A_MSIL2A_20240827T154931_N0511_R054_T18STH_20240827T221452.SAFE>,0
84,ESA,18STH,2.478833,S2B_OPER_MSI_L2A_DS_2BPS_20240822T215036_S20240822T155537_N05.11,38976,"S2B_OPER_MSI_L2A_TL_2BPS_20240822T215036_A038976_T18STH_N05.11,S2B_OPER_MSI_L2A_DS_2BPS_20240822T215036_S20240822T155537_N05.11",2024-08-22T21:50:36.000000Z,GS2B_20240822T154809_038976_N05.11,INS-NOBS,S2MSI2A,05.11,S2B_OPER_MSI_L2A_TL_2BPS_20240822T215036_A038976_T18STH_N05.11,SENTINEL-2,MSI,54,"2024-08-22T22:59:51Z,2024-08-22T21:51:06Z",B,2024-08-22T15:48:09.024000Z,2024-08-22T15:48:09.024000Z,2024-08-22T15:48:09.024000Z,S2MSI2A,<Item id=S2B_MSIL2A_20240822T154809_N0511_R054_T18STH_20240822T215036.SAFE>,0
86,ESA,18STG,0.194711,S2A_OPER_MSI_L2A_DS_2APS_20240827T221452_S20240827T160119_N05.11,47956,"S2A_OPER_MSI_L2A_TL_2APS_20240827T221452_A047956_T18STG_N05.11,S2A_OPER_MSI_L2A_DS_2APS_20240827T221452_S20240827T160119_N05.11",2024-08-27T22:14:52.000000Z,GS2A_20240827T154931_047956_N05.11,INS-NOBS,S2MSI2A,05.11,S2A_OPER_MSI_L2A_TL_2APS_20240827T221452_A047956_T18STG_N05.11,SENTINEL-2,MSI,54,"2024-08-27T23:03:50Z,2024-08-27T23:03:24Z",A,2024-08-27T15:49:31.024000Z,2024-08-27T15:49:31.024000Z,2024-08-27T15:49:31.024000Z,S2MSI2A,<Item id=S2A_MSIL2A_20240827T154931_N0511_R054_T18STG_20240827T221452.SAFE>,0
87,ESA,18SUG,0.095756,S2A_OPER_MSI_L2A_DS_2APS_20240827T221452_S20240827T160119_N05.11,47956,"S2A_OPER_MSI_L2A_TL_2APS_20240827T221452_A047956_T18SUG_N05.11,S2A_OPER_MSI_L2A_DS_2APS_20240827T221452_S20240827T160119_N05.11",2024-08-27T22:14:52.000000Z,GS2A_20240827T154931_047956_N05.11,INS-NOBS,S2MSI2A,05.11,S2A_OPER_MSI_L2A_TL_2APS_20240827T221452_A047956_T18SUG_N05.11,SENTINEL-2,MSI,54,"2024-08-27T23:03:34Z,2024-08-27T23:03:24Z",A,2024-08-27T15:49:31.024000Z,2024-08-27T15:49:31.024000Z,2024-08-27T15:49:31.024000Z,S2MSI2A,<Item id=S2A_MSIL2A_20240827T154931_N0511_R054_T18SUG_20240827T221452.SAFE>,0
88,ESA,18STJ,0.801959,S2A_OPER_MSI_L2A_DS_2APS_20240827T221452_S20240827T160119_N05.11,47956,"S2A_OPER_MSI_L2A_TL_2APS_20240827T221452_A047956_T18STJ_N05.11,S2A_OPER_MSI_L2A_DS_2APS_20240827T221452_S20240827T160119_N05.11",2024-08-27T22:14:52.000000Z,GS2A_20240827T154931_047956_N05.11,INS-NOBS,S2MSI2A,05.11,S2A_OPER_MSI_L2A_TL_2APS_20240827T221452_A047956_T18STJ_N05.11,SENTINEL-2,MSI,54,"2024-08-27T23:03:34Z,2024-08-27T23:03:24Z",A,2024-08-27T15:49:31.024000Z,2024-08-27T15:49:31.024000Z,2024-08-27T15:49:31.024000Z,S2MSI2A,<Item id=S2A_MSIL2A_20240827T154931_N0511_R054_T18STJ_20240827T221452.SAFE>,0
89,ESA,18SUJ,0.169356,S2A_OPER_MSI_L2A_DS_2APS_20240827T221452_S20240827T160119_N05.11,47956,"S2A_OPER_MSI_L2A_TL_2APS_20240827T221452_A047956_T18SUJ_N05.11,S2A_OPER_MSI_L2A_DS_2APS_20240827T221452_S20240827T160119_N05.11",2024-08-27T22:14:52.000000Z,GS2A_20240827T154931_047956_N05.11,INS-NOBS,S2MSI2A,05.11,S2A_OPER_MSI_L2A_TL_2APS_20240827T221452_A047956_T18SUJ_N05.11,SENTINEL-2,MSI,54,"2024-08-27T23:03:35Z,2024-08-27T23:03:24Z",A,2024-08-27T15:49:31.024000Z,2024-08-27T15:49:31.024000Z,2024-08-27T15:49:31.024000Z,S2MSI2A,<Item id=S2A_MSIL2A_20240827T154931_N0511_R054_T18SUJ_20240827T221452.SAFE>,0
94,ESA,17SQD,1.100367,S2A_OPER_MSI_L2A_DS_2APS_20240827T221452_S20240827T160119_N05.11,47956,"S2A_OPER_MSI_L2A_TL_2APS_20240827T221452_A047956_T17SQD_N05.11,S2A_OPER_MSI_L2A_DS_2APS_20240827T221452_S20240827T160119_N05.11",2024-08-27T22:14:52.000000Z,GS2A_20240827T154931_047956_N05.11,INS-NOBS,S2MSI2A,05.11,S2A_OPER_MSI_L2A_TL_2APS_20240827T221452_A047956_T17SQD_N05.11,SENTINEL-2,MSI,54,"2024-08-27T23:03:48Z,2024-08-27T23:03:24Z",A,2024-08-27T15:49:31.024000Z,2024-08-27T15:49:31.024000Z,2024-08-27T15:49:31.024000Z,S2MSI2A,<Item id=S2A_MSIL2A_20240827T154931_N0511_R054_T17SQD_20240827T221452.SAFE>,0
95,ESA,18SUG,0.870942,S2B_OPER_MSI_L2A_DS_2BPS_20240904T214205_S20240904T160310_N05.11,39162,"S2B_OPER_MSI_L2A_TL_2BPS_20240904T214205_A039162_T18SUG_N05.11,S2B_OPER_MSI_L2A_DS_2BPS_20240904T214205_S20240904T160310_N05.11",2024-09-04T21:42:05.000000Z,GS2B_20240904T155819_039162_N05.11,INS-NOBS,S2MSI2A,05.11,S2B_OPER_MSI_L2A_TL_2BPS_20240904T214205_A039162_T18SUG_N05.11,SENTINEL-2,MSI,97,"2024-09-04T22:39:41Z,2024-09-04T21:42:45Z",B,2024-09-04T15:58:19.024000Z,2024-09-04T15:58:19.024000Z,2024-09-04T15:58:19.024000Z,S2MSI2A,<Item id=S2B_MSIL2A_20240904T155819_N0511_R097_T18SUG_20240904T214205.SAFE>,0
96,ESA,18SVH,0.037455,S2B_OPER_MSI_L2A_DS_2BPS_20240908T210212_S20240908T154501_N05.11,39219,"S2B_OPER_MSI_L2A_TL_2BPS_20240908T210212_A039219_T18SVH_N05.11,S2B_OPER_MSI_L2A_DS_2BPS_20240908T210212_S20240908T154501_N05.11",2024-09-08T21:02:12.000000Z,GS2B_20240908T153819_039219_N05.11,INS-NOBS,S2MSI2A,05.11,S2B_OPER_MSI_L2A_TL_2BPS_20240908T210212_A039219_T18SVH_N05.11,SENTINEL-2,MSI,11,"2024-09-08T22:02:32Z,2024-09-08T21:02:44Z",B,2024-09-08T15:38:19.024000Z,2024-09-08T15:38:19.024000Z,2024-09-08T15:38:19.024000Z,S2MSI2A,<Item id=S2B_MSIL2A_20240908T153819_N0511_R011_T18SVH_20240908T210212.SAFE>,1
97,ESA,18SVJ,0.099465,S2B_OPER_MSI_L2A_DS_2BPS_20240908T210212_S20240908T154501_N05.11,39219,"S2B_OPER_MSI_L2A_TL_2BPS_20240908T210212_A039219_T18SVJ_N05.11,S2B_OPER_MSI_L2A_DS_2BPS_20240908T210212_S20240908T154501_N05.11",2024-09-08T21:02:12.000000Z,GS2B_20240908T153819_039219_N05.11,INS-NOBS,S2MSI2A,05.11,S2B_OPER_MSI_L2A_TL_2BPS_20240908T210212_A039219_T18SVJ_N05.11,SENTINEL-2,MSI,11,"2024-09-08T21:49:14Z,2024-09-08T21:02:44Z",B,2024-09-08T15:38:19.024000Z,2024-09-08T15:38:19.024000Z,2024-09-08T15:38:19.024000Z,S2MSI2A,<Item id=S2B_MSIL2A_20240908T153819_N0511_R011_T18SVJ_20240908T210212.SAFE>,1
99,ESA,18STF,0.264913,S2B_OPER_MSI_L2A_DS_2BPS_20240921T212218_S20240921T160259_N05.11,39405,"S2B_OPER_MSI_L2A_TL_2BPS_20240921T212218_A039405_T18STF_N05.11,S2B_OPER_MSI_L2A_DS_2BPS_20240921T212218_S20240921T160259_N05.11",2024-09-21T21:22:18.000000Z,GS2B_20240921T154849_039405_N05.11,INS-NOBS,S2MSI2A,05.11,S2B_OPER_MSI_L2A_TL_2BPS_20240921T212218_A039405_T18STF_N05.11,SENTINEL-2,MSI,54,"2024-09-21T22:28:51Z,2024-09-21T21:22:45Z",B,2024-09-21T15:48:49.024000Z,2024-09-21T15:48:49.024000Z,2024-09-21T15:48:49.024000Z,S2MSI2A,<Item id=S2B_MSIL2A_20240921T154849_N0511_R054_T18STF_20240921T212218.SAFE>,1
100,ESA,18STF,0.993482,S2B_OPER_MSI_L2A_DS_2BPS_20240921T212659_S20240921T155021_N05.11,39405,"S2B_OPER_MSI_L2A_TL_2BPS_20240921T212659_A039405_T18STF_N05.11,S2B_OPER_MSI_L2A_DS_2BPS_20240921T212659_S20240921T155021_N05.11",2024-09-21T21:26:59.000000Z,GS2B_20240921T154849_039405_N05.11,INS-NOBS,S2MSI2A,05.11,S2B_OPER_MSI_L2A_TL_2BPS_20240921T212659_A039405_T18STF_N05.11,SENTINEL-2,MSI,54,"2024-09-21T22:38:20Z,2024-09-21T21:27:35Z",B,2024-09-21T15:48:49.024000Z,2024-09-21T15:48:49.024000Z,2024-09-21T15:48:49.024000Z,S2MSI2A,<Item id=S2B_MSIL2A_20240921T154849_N0511_R054_T18STF_20240921T212659.SAFE>,0
101,ESA,18SUF,0.010913,S2A_OPER_MSI_L2A_DS_2APS_20240923T204553_S20240923T154833_N05.11,48342,"S2A_OPER_MSI_L2A_TL_2APS_20240923T204553_A048342_T18SUF_N05.11,S2A_OPER_MSI_L2A_DS_2APS_20240923T204553_S20240923T154833_N05.11",2024-09-23T20:45:53.000000Z,GS2A_20240923T153951_048342_N05.11,INS-NOBS,S2MSI2A,05.11,S2A_OPER_MSI_L2A_TL_2APS_20240923T204553_A048342_T18SUF_N05.11,SENTINEL-2,MSI,11,"2024-09-23T21:35:06Z,2024-09-23T21:34:51Z",A,2024-09-23T15:39:51.024000Z,2024-09-23T15:39:51.024000Z,2024-09-23T15:39:51.024000Z,S2MSI2A,<Item id=S2A_MSIL2A_20240923T153951_N0511_R011_T18SUF_20240923T204553.SAFE>,1
103,ESA,17SQC,1.957106,S2A_OPER_MSI_L2A_DS_2APS_20240621T231455_S20240621T161238_N05.10,46998,"S2A_OPER_MSI_L2A_TL_2APS_20240621T231455_A046998_T17SQC_N05.10,S2A_OPER_MSI_L2A_DS_2APS_20240621T231455_S20240621T161238_N05.10",2024-06-21T23:14:55.000000Z,GS2A_20240621T155911_046998_N05.10,INS-NOBS,S2MSI2A,05.10,S2A_OPER_MSI_L2A_TL_2APS_20240621T231455_A046998_T17SQC_N05.10,SENTINEL-2,MSI,97,"2024-06-22T00:07:36Z,2024-06-22T00:07:26Z",A,2024-06-21T15:59:11.024000Z,2024-06-21T15:59:11.024000Z,2024-06-21T15:59:11.024000Z,S2MSI2A,<Item id=S2A_MSIL2A_20240621T155911_N0510_R097_T17SQC_20240621T231455.SAFE>,0
